<?xml version="1.0" encoding="UTF-8"?>
<ExtensionManifest Version="6.0"
    ExtensionBundleId="com.creative-scripts.console"
    ExtensionBundleVersion="1.4.1"
    ExtensionBundleName="Extension-Name"
    xmlns:xsi="http://www.w3.org/2001/XMLSchema-instance">
    <Author>Trevor http://www.creative-scripts.com</Author>
    <Legal>Written under the do not complain do not sue license. DON'T FORGET TO PAY UP!</Legal>
    <Abstract>Console</Abstract>
    <ExtensionList>
        <Extension Id="com.creative-scripts.console" Version="1.4.1" />
    </ExtensionList>
    <ExecutionEnvironment>
        <HostList>
            <!-- This is for CC2015 onwards -->
            <!-- Uncomment Host tags according to the apps you want your panel to support -->
            <!-- Photoshop Extended -->
            <!-- Tested -->
            <Host Name="PHXS" Version="10" />
            <!-- Illustrator -->
            <!-- Tested -->
            <Host Name="ILST" Version="19" />
            <!-- InDesign -->
            <!-- Tested -->
            <Host Name="IDSN" Version="11" />
            <!-- InCopy -->
            <!-- Not Tested but sould be the same as InDesign-->
            <Host Name="AICY" Version="11" />
            <!-- Premiere -->
            <!-- Tested -->
            <Host Name="PPRO" Version="9" />
            <!-- AfterEffects -->
            <!-- Tested -->
            <Host Name="AEFT" Version="13" />
            <!-- PRELUDE -->
            <!-- Not Tested -->
            <Host Name="PRLD" Version="4" />
            <!-- FLASH Pro -->
            <!-- Not Tested -->
            <Host Name="FLPR" Version="15" />
            <!-- Audition -->
            <!-- Not Tested -->
            <Host Name="AUDT" Version="8" />
            <!-- Dreamweaver -->
            <!-- JSX Console doesn't work JS, Shell and other features work look like they work -->
            <Host Name="DRWV" Version="16" />

        </HostList>
        <LocaleList>
            <Locale Code="All" />
        </LocaleList>
        <RequiredRuntimeList>
            <RequiredRuntime Name="CSXS" Version="6.0" />
        </RequiredRuntimeList>
    </ExecutionEnvironment>
    <DispatchInfoList>
        <Extension Id="com.creative-scripts.console">
            <DispatchInfo>
                <Resources>
                    <MainPath>./html/index.html</MainPath>
                    <!-- we are using JSX.js so we don't use ScriptPath -->
                    <ScriptPath Engine="console"></ScriptPath>
                    <CEFCommandLine>
                        <Parameter>--enable-nodejs</Parameter>
                        <Parameter>--mixed-context</Parameter>
                        <Parameter>--high-dpi-support=1</Parameter>
                    </CEFCommandLine>
                </Resources>
                <Lifecycle>
                    <AutoVisible>true</AutoVisible>
                    <StartOn>
                        <!-- <Event>applicationActivate</Event> -->
                        <!-- <Event>documentAfterActivate</Event> -->
                    </StartOn>
                </Lifecycle>
                <UI>
                    <Type>Panel</Type>
                    <Menu>Console</Menu>
                    <Geometry>
                        <Size>
                            <Height>300</Height>
                            <Width>343</Width>
                        </Size>
                        <MinSize>
                            <Height>170</Height>
                            <Width>300</Width>
                        </MinSize>
                        <MaxSize>
                            <Height>1000</Height>
                            <Width>1000</Width>
                        </MaxSize>
                    </Geometry>
                    <Icons>
                        <Icon Type="Normal">./resources/Icons/IconLight.png</Icon>
                        <Icon Type="RollOver">./resources/Icons/IconLight.png</Icon>
                        <Icon Type="Disabled">./resources/Icons/IconDark.png</Icon>
                        <Icon Type="DarkNormal">./resources/Icons/IconDark.png</Icon>
                        <Icon Type="DarkRollOver">./resources/Icons/IconDark.png</Icon>
                    </Icons>
                </UI>
            </DispatchInfo>
        </Extension>
    </DispatchInfoList>
</ExtensionManifest>